{
  "usingComponents": {
    "i-button": "../../dist/button/index",
    "i-tab-bar": "../../dist/tab-bar/index",
    "i-tab-bar-item": "../../dist/tab-bar-item/index",
    "i-input": "../../dist/input/index",
    "i-radio": "../../dist/radio/index",
    "i-action-sheet": "../../dist/action-sheet/index",
    "i-row": "../../dist/row/index",
    "i-col": "../../dist/col/index",
    "i-spin": "../../dist/spin/index",
    "i-card": "../../dist/card/index",
    "i-collapse": "../../dist/collapse/index",
    "i-collapse-item": "../../dist/collapse-item/index"
  }
}